CustomerID,recency,frequency,monetary,unique_products,item_POST,item_22326,item_22423,item_22554,item_22556,item_21731,item_22328,item_22629,item_22551,item_21212,item_20725,item_23084,item_20750,item_20719,item_85099B,item_20726,item_21080,item_22139,item_22630,item_22961,cluster
12347,1,7,4310.0,103,0.0,0.0,15.0,0.0,0.0,72.0,0.0,0.0,0.0,0.0,0.0,84.0,0.0,40.0,0.0,0.0,0.0,0.0,0.0,0.0,0
12348,74,4,1797.24,22,9.0,0.0,0.0,0.0,0.0,0.0,0.0,0.0,0.0,0.0,0.0,0.0,0.0,0.0,0.0,0.0,0.0,0.0,0.0,0.0,0
12349,18,1,1757.55,73,1.0,6.0,1.0,12.0,12.0,0.0,0.0,0.0,0.0,0.0,0.0,0.0,0.0,0.0,0.0,0.0,0.0,0.0,0.0,0.0,0
12350,309,1,334.4,17,1.0,0.0,0.0,0.0,0.0,0.0,0.0,0.0,12.0,0.0,0.0,0.0,0.0,0.0,0.0,0.0,0.0,0.0,0.0,0.0,0
12352,35,8,2506.04,59,7.0,0.0,5.0,0.0,0.0,12.0,0.0,0.0,0.0,0.0,0.0,0.0,0.0,0.0,0.0,0.0,0.0,0.0,12.0,0.0,0
12353,203,1,89.0,4,0.0,0.0,0.0,0.0,0.0,0.0,0.0,0.0,0.0,0.0,0.0,0.0,0.0,0.0,0.0,0.0,0.0,0.0,0.0,0.0,0
12354,231,1,1079.4,58,0.0,6.0,0.0,0.0,0.0,12.0,0.0,12.0,0.0,0.0,10.0,0.0,2.0,0.0,0.0,0.0,12.0,0.0,12.0,0.0,0
12355,213,1,459.4,13,0.0,0.0,2.0,0.0,0.0,0.0,0.0,0.0,0.0,0.0,0.0,0.0,0.0,0.0,0.0,0.0,0.0,0.0,0.0,0.0,0
12356,22,3,2811.43,53,18.0,0.0,22.0,0.0,0.0,0.0,0.0,0.0,0.0,24.0,0.0,0.0,0.0,0.0,0.0,0.0,15.0,0.0,0.0,0.0,0
12357,32,1,6207.67,131,0.0,0.0,8.0,0.0,0.0,0.0,0.0,0.0,0.0,0.0,0.0,0.0,12.0,0.0,0.0,0.0,0.0,0.0,0.0,0.0,0
12358,1,2,1168.06,13,6.0,0.0,0.0,0.0,0.0,0.0,0.0,0.0,0.0,0.0,0.0,0.0,0.0,0.0,0.0,0.0,0.0,0.0,0.0,0.0,0
12359,57,4,6372.58,214,0.0,0.0,27.0,0.0,12.0,0.0,0.0,0.0,0.0,0.0,0.0,0.0,0.0,0.0,10.0,0.0,0.0,0.0,0.0,12.0,0
12360,51,3,2662.06,105,9.0,24.0,0.0,24.0,12.0,0.0,18.0,0.0,12.0,0.0,0.0,0.0,2.0,0.0,0.0,0.0,12.0,6.0,12.0,0.0,0
12361,286,1,189.9,10,1.0,6.0,0.0,0.0,0.0,0.0,6.0,12.0,0.0,0.0,10.0,0.0,0.0,0.0,0.0,10.0,0.0,0.0,12.0,0.0,0
12362,2,10,5226.23,201,32.0,30.0,1.0,36.0,0.0,12.0,24.0,60.0,24.0,0.0,20.0,0.0,8.0,0.0,20.0,30.0,12.0,3.0,48.0,0.0,2
12363,109,2,552.0,23,0.0,0.0,0.0,0.0,0.0,0.0,0.0,0.0,0.0,24.0,0.0,0.0,0.0,0.0,0.0,0.0,0.0,0.0,0.0,0.0,0
12364,7,4,1313.1,70,7.0,0.0,0.0,0.0,0.0,0.0,0.0,0.0,0.0,24.0,0.0,0.0,0.0,0.0,0.0,0.0,24.0,0.0,0.0,0.0,0
12365,290,2,641.38,22,0.0,0.0,1.0,0.0,0.0,0.0,0.0,0.0,0.0,0.0,0.0,0.0,0.0,0.0,0.0,0.0,0.0,0.0,0.0,0.0,0
12367,3,1,168.9,11,1.0,0.0,0.0,0.0,0.0,0.0,0.0,12.0,0.0,0.0,0.0,0.0,0.0,0.0,0.0,0.0,0.0,0.0,12.0,0.0,0
12370,50,4,3545.69,143,3.0,0.0,0.0,0.0,0.0,0.0,0.0,0.0,0.0,0.0,0.0,0.0,0.0,0.0,0.0,0.0,0.0,0.0,0.0,0.0,0
12371,44,2,1887.96,63,9.0,0.0,4.0,0.0,0.0,0.0,0.0,0.0,0.0,0.0,10.0,0.0,0.0,0.0,0.0,0.0,0.0,3.0,0.0,0.0,0
12372,71,3,1298.04,34,6.0,42.0,0.0,0.0,72.0,0.0,30.0,48.0,48.0,0.0,0.0,0.0,10.0,0.0,0.0,0.0,0.0,0.0,48.0,0.0,2
12373,310,1,364.6,14,1.0,12.0,0.0,0.0,0.0,0.0,6.0,0.0,0.0,0.0,0.0,0.0,0.0,20.0,10.0,20.0,0.0,0.0,0.0,0.0,0
12374,24,1,742.9300000000001,33,3.0,0.0,2.0,0.0,0.0,0.0,0.0,0.0,0.0,0.0,0.0,0.0,0.0,0.0,0.0,0.0,0.0,0.0,0.0,0.0,0
12375,10,2,457.5,14,2.0,0.0,0.0,0.0,0.0,0.0,0.0,0.0,0.0,0.0,0.0,0.0,0.0,10.0,0.0,0.0,0.0,0.0,0.0,0.0,0
12377,314,2,1628.12,72,2.0,6.0,0.0,0.0,12.0,0.0,12.0,12.0,12.0,0.0,0.0,0.0,2.0,0.0,0.0,0.0,12.0,0.0,12.0,0.0,0
12378,129,1,4008.62,219,0.0,12.0,0.0,0.0,0.0,12.0,6.0,12.0,0.0,24.0,20.0,0.0,4.0,0.0,0.0,0.0,48.0,0.0,0.0,0.0,0
12379,81,2,852.24,39,5.0,12.0,0.0,12.0,12.0,0.0,12.0,0.0,12.0,24.0,10.0,0.0,12.0,0.0,10.0,10.0,12.0,0.0,0.0,0.0,0
12380,21,4,2724.81,77,17.0,60.0,0.0,0.0,0.0,36.0,6.0,0.0,0.0,24.0,20.0,48.0,0.0,10.0,30.0,30.0,0.0,0.0,0.0,0.0,2
12381,4,5,1845.31,70,11.0,0.0,4.0,0.0,0.0,24.0,0.0,12.0,0.0,24.0,0.0,24.0,0.0,0.0,0.0,0.0,0.0,3.0,12.0,0.0,0
12383,184,5,1850.56,84,14.0,6.0,0.0,12.0,12.0,0.0,6.0,12.0,12.0,24.0,0.0,0.0,0.0,0.0,0.0,0.0,12.0,0.0,12.0,0.0,0
12384,28,2,585.27,26,4.0,6.0,1.0,0.0,0.0,0.0,6.0,0.0,0.0,0.0,0.0,6.0,2.0,0.0,0.0,0.0,0.0,0.0,0.0,0.0,0
12386,337,2,401.9,10,0.0,0.0,0.0,0.0,0.0,0.0,0.0,0.0,0.0,0.0,0.0,0.0,0.0,0.0,0.0,0.0,0.0,0.0,0.0,0.0,0
12388,15,6,2780.66,57,0.0,0.0,0.0,0.0,0.0,0.0,0.0,0.0,0.0,0.0,0.0,0.0,0.0,0.0,0.0,0.0,0.0,0.0,0.0,24.0,0
12390,79,1,549.84,32,3.0,6.0,0.0,0.0,0.0,0.0,6.0,12.0,12.0,24.0,0.0,0.0,0.0,0.0,0.0,0.0,12.0,0.0,0.0,0.0,0
12391,21,1,460.89,92,0.0,0.0,0.0,0.0,0.0,0.0,0.0,0.0,0.0,0.0,1.0,0.0,0.0,0.0,0.0,0.0,0.0,0.0,0.0,0.0,0
12393,71,4,1582.6000000000001,47,0.0,0.0,0.0,0.0,0.0,12.0,0.0,0.0,0.0,0.0,40.0,0.0,0.0,0.0,0.0,60.0,0.0,0.0,0.0,0.0,0
12394,63,2,1272.48,26,11.0,0.0,0.0,0.0,12.0,0.0,0.0,12.0,12.0,0.0,0.0,0.0,0.0,0.0,0.0,0.0,0.0,0.0,12.0,0.0,0
12395,18,12,3018.63,91,21.0,36.0,8.0,0.0,12.0,48.0,0.0,36.0,24.0,120.0,0.0,12.0,0.0,60.0,10.0,0.0,0.0,0.0,48.0,0.0,2
12397,35,2,2409.9,110,13.0,18.0,13.0,12.0,12.0,0.0,6.0,12.0,12.0,0.0,10.0,0.0,0.0,0.0,0.0,10.0,0.0,3.0,24.0,12.0,0
12398,45,1,1635.6599999999999,85,5.0,6.0,0.0,0.0,0.0,12.0,6.0,0.0,12.0,24.0,0.0,0.0,12.0,0.0,0.0,0.0,0.0,0.0,0.0,0.0,0
12399,118,4,1108.65,47,5.0,0.0,0.0,0.0,0.0,0.0,0.0,0.0,0.0,72.0,50.0,12.0,0.0,0.0,0.0,10.0,24.0,0.0,0.0,0.0,0
12401,302,1,84.3,5,1.0,0.0,2.0,0.0,0.0,0.0,0.0,0.0,0.0,0.0,0.0,0.0,0.0,0.0,0.0,0.0,0.0,0.0,0.0,0.0,0
12402,322,1,225.6,11,2.0,12.0,0.0,0.0,0.0,0.0,0.0,0.0,0.0,0.0,0.0,0.0,0.0,0.0,0.0,0.0,0.0,0.0,12.0,0.0,0
12403,49,1,427.7,5,2.0,0.0,0.0,0.0,0.0,0.0,0.0,0.0,0.0,0.0,0.0,0.0,0.0,0.0,0.0,0.0,0.0,0.0,0.0,0.0,0
12405,148,1,1710.39,54,8.0,18.0,0.0,12.0,12.0,0.0,0.0,0.0,12.0,0.0,0.0,0.0,10.0,0.0,0.0,0.0,0.0,0.0,0.0,0.0,0
12406,21,2,3415.3,92,0.0,0.0,0.0,12.0,24.0,0.0,0.0,12.0,12.0,0.0,0.0,36.0,0.0,0.0,0.0,0.0,0.0,0.0,12.0,24.0,0
12407,49,5,1708.1200000000001,57,13.0,0.0,0.0,0.0,0.0,0.0,0.0,0.0,0.0,48.0,0.0,0.0,0.0,0.0,0.0,0.0,0.0,0.0,0.0,0.0,0
12408,32,5,2888.55,81,18.0,54.0,0.0,12.0,12.0,0.0,66.0,88.0,24.0,0.0,0.0,54.0,0.0,30.0,10.0,0.0,0.0,0.0,100.0,0.0,4
12409,78,3,11072.67,91,0.0,48.0,28.0,192.0,0.0,0.0,0.0,0.0,96.0,240.0,0.0,0.0,0.0,200.0,50.0,0.0,0.0,48.0,0.0,0.0,1
12410,308,2,693.3299999999999,26,4.0,0.0,2.0,0.0,0.0,0.0,0.0,0.0,0.0,0.0,0.0,0.0,4.0,0.0,0.0,0.0,0.0,0.0,0.0,0.0,0
12412,74,3,1226.88,43,5.0,0.0,0.0,0.0,0.0,0.0,0.0,24.0,0.0,0.0,0.0,0.0,0.0,0.0,0.0,0.0,0.0,0.0,24.0,12.0,0
12413,66,3,758.1,29,4.0,18.0,0.0,0.0,0.0,0.0,0.0,0.0,0.0,0.0,0.0,0.0,6.0,0.0,30.0,0.0,12.0,0.0,0.0,0.0,0
12414,216,3,562.41,16,3.0,0.0,0.0,0.0,12.0,0.0,0.0,0.0,12.0,0.0,0.0,0.0,0.0,0.0,0.0,0.0,0.0,0.0,0.0,0.0,0
12417,2,9,3649.1,158,25.0,0.0,13.0,0.0,0.0,0.0,0.0,0.0,0.0,24.0,0.0,0.0,0.0,0.0,0.0,0.0,12.0,0.0,0.0,0.0,0
12418,112,1,668.58,34,0.0,0.0,0.0,0.0,0.0,0.0,0.0,0.0,0.0,0.0,0.0,0.0,0.0,0.0,0.0,0.0,0.0,0.0,0.0,0.0,0
12420,63,1,600.39,29,0.0,0.0,1.0,0.0,0.0,0.0,0.0,0.0,0.0,0.0,0.0,0.0,4.0,0.0,0.0,0.0,0.0,0.0,0.0,0.0,0
12421,15,4,807.04,32,6.0,0.0,0.0,0.0,0.0,0.0,0.0,0.0,0.0,0.0,0.0,0.0,0.0,0.0,0.0,0.0,0.0,0.0,0.0,0.0,0
12422,95,3,803.5600000000001,39,3.0,0.0,0.0,0.0,0.0,0.0,0.0,0.0,0.0,0.0,0.0,0.0,0.0,0.0,0.0,0.0,0.0,0.0,0.0,12.0,0
12423,0,8,1859.31,97,15.0,18.0,0.0,12.0,0.0,12.0,18.0,12.0,0.0,0.0,10.0,54.0,0.0,10.0,10.0,0.0,0.0,0.0,0.0,0.0,0
12424,162,2,1760.96,30,0.0,0.0,0.0,0.0,0.0,0.0,0.0,0.0,0.0,0.0,0.0,0.0,0.0,0.0,0.0,0.0,0.0,3.0,0.0,0.0,0
12425,77,1,777.2,36,0.0,0.0,0.0,0.0,0.0,0.0,0.0,0.0,0.0,24.0,10.0,0.0,0.0,0.0,0.0,0.0,0.0,3.0,0.0,12.0,0
12426,194,1,582.73,30,4.0,12.0,0.0,12.0,0.0,0.0,6.0,12.0,12.0,0.0,0.0,0.0,0.0,0.0,0.0,0.0,0.0,0.0,0.0,0.0,0
12427,21,3,825.8,26,7.0,0.0,0.0,0.0,0.0,0.0,0.0,0.0,0.0,0.0,0.0,24.0,0.0,0.0,0.0,0.0,0.0,0.0,0.0,0.0,0
12428,25,9,7956.46,258,25.0,0.0,0.0,0.0,0.0,0.0,6.0,0.0,0.0,24.0,0.0,0.0,6.0,0.0,50.0,0.0,24.0,3.0,0.0,12.0,2
12429,8,4,3750.4,82,19.0,12.0,2.0,0.0,0.0,12.0,12.0,0.0,0.0,24.0,0.0,12.0,0.0,0.0,0.0,0.0,0.0,0.0,0.0,0.0,0
12430,42,1,256.4,11,1.0,0.0,0.0,0.0,0.0,0.0,0.0,0.0,0.0,0.0,0.0,0.0,0.0,0.0,0.0,0.0,0.0,0.0,0.0,0.0,0
12431,35,15,6487.45,163,7.0,18.0,4.0,0.0,0.0,612.0,18.0,12.0,0.0,0.0,40.0,348.0,0.0,10.0,10.0,30.0,12.0,0.0,0.0,0.0,2
12432,42,5,5059.32,107,1.0,6.0,0.0,0.0,0.0,36.0,0.0,0.0,0.0,0.0,0.0,0.0,0.0,10.0,0.0,0.0,0.0,0.0,0.0,0.0,0
12433,0,7,13375.87,219,0.0,0.0,0.0,48.0,48.0,0.0,0.0,0.0,48.0,168.0,0.0,0.0,0.0,0.0,0.0,0.0,72.0,0.0,12.0,48.0,2
12434,84,2,806.14,46,0.0,0.0,0.0,0.0,0.0,0.0,0.0,0.0,0.0,0.0,0.0,0.0,4.0,0.0,0.0,0.0,0.0,0.0,0.0,0.0,0
12435,79,2,7829.89,31,0.0,0.0,0.0,0.0,0.0,0.0,0.0,0.0,0.0,0.0,0.0,0.0,0.0,0.0,0.0,0.0,0.0,0.0,64.0,0.0,0
12436,99,1,509.01,16,2.0,0.0,0.0,0.0,0.0,0.0,0.0,0.0,0.0,0.0,0.0,0.0,0.0,0.0,0.0,0.0,0.0,0.0,0.0,0.0,0
12437,1,18,4951.41,118,28.0,30.0,22.0,36.0,12.0,24.0,0.0,12.0,24.0,72.0,10.0,54.0,0.0,0.0,0.0,20.0,48.0,0.0,12.0,0.0,2
12438,13,2,2906.85,84,11.0,18.0,5.0,24.0,12.0,12.0,0.0,12.0,12.0,0.0,0.0,0.0,2.0,0.0,0.0,0.0,0.0,12.0,12.0,0.0,0
12441,366,1,173.55,11,1.0,0.0,0.0,0.0,0.0,0.0,0.0,0.0,0.0,0.0,0.0,0.0,0.0,0.0,0.0,0.0,0.0,0.0,0.0,0.0,0
12442,2,1,172.06,12,1.0,0.0,0.0,0.0,0.0,0.0,0.0,0.0,0.0,0.0,0.0,0.0,0.0,0.0,0.0,0.0,0.0,0.0,0.0,0.0,0
12444,20,5,5005.46,138,23.0,0.0,14.0,0.0,0.0,0.0,0.0,0.0,0.0,0.0,0.0,0.0,0.0,0.0,0.0,0.0,0.0,0.0,12.0,0.0,0
12445,21,1,133.4,4,2.0,0.0,0.0,0.0,0.0,0.0,0.0,0.0,0.0,0.0,0.0,0.0,0.0,0.0,0.0,0.0,0.0,0.0,0.0,0.0,0
12446,57,1,1002.3100000000001,57,0.0,0.0,2.0,0.0,0.0,0.0,0.0,0.0,0.0,0.0,10.0,0.0,0.0,0.0,10.0,0.0,0.0,3.0,0.0,0.0,0
12447,242,1,476.49,26,3.0,6.0,0.0,12.0,12.0,0.0,6.0,0.0,12.0,0.0,0.0,0.0,2.0,0.0,10.0,0.0,0.0,0.0,0.0,0.0,0
12448,43,1,449.45,22,3.0,0.0,0.0,0.0,0.0,0.0,0.0,0.0,0.0,24.0,0.0,0.0,0.0,0.0,0.0,0.0,0.0,0.0,12.0,0.0,0
12449,21,4,4067.29,118,30.0,54.0,0.0,12.0,0.0,12.0,24.0,36.0,12.0,0.0,10.0,0.0,4.0,0.0,0.0,20.0,0.0,0.0,36.0,0.0,2
12450,155,2,197.88,7,0.0,0.0,0.0,0.0,0.0,0.0,0.0,0.0,0.0,0.0,0.0,0.0,0.0,0.0,0.0,0.0,0.0,0.0,0.0,0.0,0
12451,10,5,9035.52,265,1.0,126.0,0.0,144.0,72.0,48.0,0.0,72.0,108.0,96.0,40.0,0.0,2.0,90.0,60.0,40.0,84.0,9.0,0.0,0.0,1
12452,16,2,430.57,21,4.0,0.0,0.0,12.0,0.0,0.0,0.0,0.0,12.0,0.0,0.0,6.0,0.0,0.0,0.0,0.0,0.0,0.0,0.0,0.0,0
12453,133,1,707.09,43,0.0,0.0,0.0,12.0,0.0,0.0,0.0,12.0,0.0,0.0,0.0,0.0,0.0,0.0,0.0,0.0,0.0,3.0,12.0,12.0,0
12454,55,1,3528.34,15,0.0,0.0,32.0,0.0,0.0,0.0,0.0,0.0,0.0,0.0,0.0,0.0,0.0,0.0,0.0,0.0,0.0,0.0,0.0,0.0,0
12455,72,6,2466.86,85,5.0,0.0,0.0,0.0,0.0,0.0,0.0,0.0,0.0,24.0,10.0,0.0,0.0,0.0,10.0,0.0,24.0,0.0,0.0,0.0,0
12456,43,3,3181.04,105,15.0,0.0,20.0,48.0,0.0,0.0,0.0,0.0,36.0,0.0,0.0,0.0,0.0,0.0,0.0,0.0,0.0,0.0,0.0,12.0,0
12457,65,7,2363.23,53,8.0,0.0,0.0,24.0,24.0,0.0,0.0,12.0,24.0,0.0,0.0,0.0,0.0,0.0,0.0,0.0,0.0,3.0,12.0,0.0,0
12458,70,2,947.4,35,4.0,24.0,0.0,0.0,0.0,36.0,0.0,0.0,0.0,0.0,0.0,0.0,0.0,0.0,0.0,20.0,0.0,3.0,24.0,0.0,0
12461,93,2,826.88,35,5.0,0.0,0.0,0.0,0.0,0.0,0.0,0.0,12.0,0.0,0.0,0.0,0.0,0.0,0.0,0.0,0.0,0.0,0.0,0.0,0
12462,18,2,1189.59,51,9.0,0.0,2.0,0.0,0.0,0.0,0.0,0.0,0.0,0.0,0.0,0.0,0.0,0.0,0.0,0.0,0.0,0.0,0.0,0.0,0
12463,52,4,1344.78,65,8.0,30.0,2.0,0.0,0.0,24.0,0.0,36.0,0.0,0.0,0.0,6.0,0.0,0.0,0.0,20.0,0.0,0.0,36.0,0.0,0
12464,9,8,1212.05,6,17.0,0.0,0.0,0.0,0.0,0.0,0.0,0.0,0.0,0.0,0.0,0.0,0.0,0.0,0.0,0.0,0.0,0.0,0.0,0.0,0
12465,16,2,742.1899999999999,46,4.0,6.0,0.0,12.0,12.0,0.0,0.0,0.0,0.0,24.0,0.0,0.0,0.0,0.0,0.0,0.0,0.0,3.0,0.0,0.0,0
12468,187,2,729.5400000000001,36,4.0,12.0,0.0,12.0,12.0,0.0,24.0,0.0,0.0,0.0,0.0,0.0,0.0,0.0,0.0,0.0,0.0,0.0,0.0,12.0,0
12471,1,30,19824.05,150,107.0,42.0,432.0,120.0,96.0,228.0,0.0,0.0,36.0,24.0,0.0,102.0,0.0,20.0,0.0,0.0,12.0,0.0,0.0,216.0,1
12472,31,7,6572.11,219,28.0,72.0,24.0,36.0,48.0,48.0,30.0,84.0,24.0,0.0,0.0,72.0,6.0,50.0,0.0,10.0,0.0,0.0,0.0,12.0,2
12473,28,5,3938.5499999999997,140,16.0,12.0,0.0,24.0,12.0,0.0,12.0,0.0,12.0,0.0,10.0,0.0,0.0,0.0,10.0,20.0,24.0,0.0,0.0,0.0,2
12474,16,18,7375.79,253,35.0,96.0,3.0,72.0,72.0,24.0,84.0,48.0,84.0,0.0,0.0,54.0,0.0,130.0,0.0,0.0,36.0,6.0,0.0,0.0,1
12475,53,1,723.38,36,3.0,0.0,0.0,24.0,12.0,0.0,0.0,0.0,12.0,0.0,0.0,0.0,6.0,30.0,0.0,0.0,0.0,0.0,0.0,0.0,0
12476,15,11,6816.42,177,51.0,0.0,18.0,0.0,84.0,0.0,30.0,12.0,0.0,0.0,0.0,0.0,3.0,0.0,0.0,0.0,24.0,3.0,0.0,0.0,2
12477,22,6,13219.74,191,0.0,0.0,0.0,0.0,0.0,0.0,0.0,0.0,0.0,48.0,0.0,0.0,22.0,0.0,10.0,0.0,0.0,0.0,0.0,0.0,2
12478,3,1,680.99,36,3.0,6.0,0.0,0.0,0.0,0.0,0.0,0.0,0.0,0.0,10.0,6.0,2.0,0.0,0.0,0.0,0.0,6.0,0.0,0.0,0
12479,10,1,527.2,31,3.0,0.0,0.0,0.0,0.0,0.0,0.0,0.0,0.0,24.0,0.0,0.0,0.0,0.0,0.0,0.0,12.0,0.0,0.0,0.0,0
12480,27,4,3281.63,129,22.0,30.0,4.0,12.0,12.0,0.0,18.0,204.0,12.0,0.0,0.0,0.0,2.0,10.0,0.0,0.0,0.0,0.0,0.0,0.0,2
12481,22,10,5596.32,150,32.0,24.0,0.0,36.0,96.0,24.0,18.0,0.0,60.0,0.0,0.0,0.0,0.0,40.0,0.0,0.0,0.0,3.0,0.0,96.0,2
12483,16,8,2484.98,46,16.0,18.0,0.0,0.0,0.0,96.0,30.0,0.0,0.0,0.0,10.0,96.0,0.0,20.0,0.0,10.0,0.0,0.0,0.0,0.0,0
12484,32,6,4541.72,256,21.0,0.0,3.0,0.0,0.0,0.0,0.0,8.0,0.0,0.0,16.0,0.0,0.0,0.0,0.0,0.0,0.0,0.0,0.0,0.0,2
12488,9,3,1298.66,46,3.0,0.0,0.0,0.0,0.0,60.0,0.0,0.0,0.0,0.0,0.0,48.0,4.0,0.0,0.0,0.0,0.0,6.0,0.0,0.0,0
12489,335,1,334.93,15,2.0,0.0,0.0,0.0,12.0,0.0,0.0,0.0,0.0,0.0,0.0,0.0,2.0,0.0,0.0,0.0,0.0,6.0,0.0,0.0,0
12490,4,10,5417.93,131,31.0,30.0,0.0,0.0,12.0,84.0,24.0,24.0,12.0,0.0,40.0,240.0,6.0,30.0,80.0,40.0,48.0,9.0,0.0,0.0,2
12491,38,1,460.40000000000003,25,2.0,6.0,0.0,0.0,0.0,0.0,0.0,0.0,0.0,0.0,0.0,0.0,0.0,10.0,0.0,0.0,0.0,3.0,12.0,0.0,0
12492,62,2,263.21000000000004,19,2.0,6.0,0.0,0.0,0.0,0.0,0.0,12.0,0.0,0.0,0.0,0.0,0.0,10.0,0.0,0.0,0.0,0.0,0.0,0.0,0
12493,165,2,433.74,20,1.0,0.0,0.0,0.0,0.0,0.0,0.0,0.0,0.0,0.0,10.0,12.0,0.0,0.0,0.0,0.0,0.0,0.0,0.0,0.0,0
12494,15,7,1246.1000000000001,63,9.0,0.0,0.0,0.0,0.0,0.0,0.0,0.0,0.0,24.0,20.0,12.0,0.0,0.0,0.0,10.0,0.0,0.0,0.0,0.0,0
12497,81,1,1043.1,14,5.0,0.0,0.0,0.0,0.0,0.0,0.0,0.0,0.0,0.0,0.0,0.0,0.0,0.0,0.0,0.0,0.0,0.0,0.0,0.0,0
12498,20,3,403.70000000000005,21,3.0,0.0,0.0,0.0,0.0,0.0,0.0,0.0,0.0,0.0,0.0,0.0,0.0,10.0,0.0,10.0,0.0,0.0,0.0,0.0,0
12500,22,11,4257.82,34,11.0,0.0,0.0,0.0,0.0,0.0,0.0,0.0,0.0,0.0,0.0,0.0,0.0,0.0,10.0,0.0,0.0,0.0,0.0,0.0,0
12501,336,1,2169.39,149,8.0,0.0,0.0,0.0,0.0,12.0,6.0,0.0,0.0,24.0,10.0,0.0,2.0,10.0,0.0,0.0,12.0,0.0,0.0,12.0,0
12502,95,5,3723.87,102,26.0,6.0,41.0,0.0,0.0,0.0,0.0,0.0,0.0,0.0,0.0,0.0,0.0,0.0,10.0,0.0,0.0,3.0,0.0,0.0,0
12504,17,2,482.04999999999995,6,3.0,0.0,0.0,0.0,0.0,0.0,0.0,0.0,0.0,0.0,0.0,0.0,0.0,0.0,0.0,0.0,0.0,0.0,0.0,0.0,0
12506,232,1,73.5,23,0.0,0.0,0.0,0.0,0.0,0.0,1.0,0.0,0.0,0.0,0.0,0.0,0.0,0.0,0.0,0.0,0.0,0.0,0.0,0.0,0
12507,133,3,1304.81,19,9.0,0.0,2.0,0.0,0.0,0.0,0.0,0.0,0.0,0.0,0.0,0.0,0.0,0.0,0.0,0.0,0.0,6.0,0.0,0.0,0
12508,25,2,398.27,57,0.0,0.0,0.0,0.0,0.0,0.0,0.0,0.0,0.0,0.0,0.0,0.0,0.0,5.0,0.0,0.0,0.0,8.0,0.0,0.0,0
12509,283,1,176.5,7,1.0,0.0,0.0,0.0,0.0,0.0,0.0,0.0,0.0,0.0,0.0,0.0,0.0,0.0,0.0,0.0,0.0,0.0,0.0,0.0,0
12510,142,2,982.5699999999999,29,6.0,0.0,0.0,0.0,0.0,12.0,0.0,0.0,0.0,0.0,0.0,0.0,16.0,10.0,0.0,0.0,0.0,0.0,0.0,0.0,0
12512,65,2,138.03,31,0.0,0.0,0.0,0.0,0.0,0.0,0.0,0.0,0.0,0.0,0.0,0.0,0.0,0.0,0.0,0.0,0.0,0.0,0.0,0.0,0
12513,112,1,612.29,35,3.0,0.0,0.0,12.0,0.0,0.0,0.0,0.0,0.0,0.0,0.0,0.0,0.0,10.0,0.0,20.0,12.0,0.0,0.0,12.0,0
12514,266,1,1017.68,51,0.0,0.0,0.0,0.0,0.0,0.0,0.0,12.0,12.0,0.0,10.0,0.0,0.0,10.0,0.0,10.0,0.0,0.0,12.0,0.0,0
12515,352,1,383.7,16,3.0,0.0,2.0,0.0,0.0,0.0,0.0,0.0,0.0,0.0,0.0,0.0,0.0,0.0,0.0,0.0,0.0,0.0,0.0,0.0,0
12516,77,2,1312.06,20,7.0,0.0,0.0,0.0,0.0,0.0,0.0,0.0,0.0,0.0,0.0,0.0,0.0,60.0,90.0,0.0,0.0,0.0,0.0,0.0,0
12517,27,5,2502.84,232,10.0,21.0,0.0,23.0,4.0,17.0,6.0,8.0,22.0,18.0,13.0,10.0,1.0,0.0,12.0,13.0,0.0,3.0,0.0,0.0,2
12518,0,5,2056.89,84,12.0,30.0,0.0,12.0,24.0,12.0,24.0,24.0,36.0,0.0,0.0,30.0,0.0,0.0,0.0,0.0,0.0,0.0,12.0,0.0,2
12519,63,1,340.84,17,3.0,6.0,0.0,0.0,0.0,12.0,0.0,0.0,0.0,24.0,0.0,0.0,0.0,0.0,0.0,0.0,0.0,0.0,0.0,0.0,0
12520,78,5,2634.26,121,16.0,30.0,6.0,12.0,0.0,0.0,0.0,24.0,0.0,24.0,0.0,0.0,0.0,0.0,0.0,0.0,12.0,3.0,12.0,0.0,0
12521,142,1,599.68,38,3.0,0.0,0.0,0.0,0.0,0.0,0.0,0.0,0.0,0.0,0.0,0.0,0.0,10.0,0.0,0.0,0.0,0.0,0.0,0.0,0
12522,38,2,192.72,11,2.0,6.0,0.0,0.0,0.0,0.0,0.0,0.0,0.0,0.0,0.0,0.0,0.0,0.0,0.0,0.0,0.0,0.0,0.0,0.0,0
12523,18,11,1789.77,84,5.0,0.0,3.0,0.0,0.0,0.0,0.0,0.0,0.0,0.0,0.0,0.0,0.0,0.0,0.0,0.0,12.0,9.0,0.0,0.0,0
12524,8,8,4485.72,113,30.0,48.0,0.0,12.0,12.0,0.0,0.0,24.0,12.0,0.0,40.0,0.0,0.0,0.0,0.0,40.0,0.0,0.0,0.0,0.0,2
12526,0,3,1316.66,64,8.0,12.0,0.0,12.0,12.0,24.0,12.0,0.0,12.0,0.0,0.0,0.0,2.0,10.0,0.0,10.0,0.0,3.0,0.0,0.0,0
12527,81,3,348.71000000000004,18,1.0,0.0,0.0,0.0,0.0,0.0,0.0,0.0,0.0,0.0,0.0,0.0,0.0,10.0,0.0,0.0,0.0,0.0,0.0,0.0,0
12528,8,6,1933.48,50,16.0,0.0,8.0,0.0,0.0,0.0,0.0,0.0,0.0,24.0,0.0,0.0,0.0,0.0,0.0,0.0,0.0,0.0,0.0,0.0,0
12530,59,4,1662.28,51,9.0,0.0,0.0,0.0,0.0,12.0,0.0,0.0,0.0,0.0,10.0,0.0,0.0,20.0,70.0,0.0,0.0,0.0,0.0,0.0,0
12531,14,1,125.22,17,0.0,0.0,0.0,4.0,0.0,3.0,0.0,0.0,0.0,0.0,0.0,2.0,0.0,0.0,0.0,0.0,0.0,0.0,0.0,0.0,0
12532,29,1,349.83000000000004,16,2.0,0.0,0.0,0.0,0.0,0.0,0.0,0.0,0.0,0.0,0.0,0.0,0.0,0.0,0.0,0.0,0.0,0.0,0.0,0.0,0
12534,130,1,1089.18,63,6.0,0.0,0.0,12.0,0.0,0.0,0.0,0.0,0.0,0.0,0.0,0.0,0.0,0.0,0.0,0.0,0.0,0.0,0.0,0.0,0
12535,91,2,716.35,28,0.0,0.0,0.0,0.0,0.0,0.0,0.0,0.0,0.0,0.0,0.0,0.0,0.0,0.0,0.0,0.0,12.0,0.0,0.0,0.0,0
12536,42,3,12601.830000000002,260,0.0,6.0,2.0,12.0,12.0,0.0,6.0,0.0,12.0,24.0,0.0,0.0,2.0,10.0,10.0,0.0,0.0,3.0,0.0,0.0,2
12538,28,1,363.95,21,0.0,0.0,0.0,0.0,0.0,0.0,0.0,0.0,0.0,0.0,0.0,0.0,2.0,0.0,0.0,0.0,0.0,0.0,0.0,0.0,0
12539,21,4,5568.35,157,0.0,0.0,36.0,24.0,0.0,24.0,0.0,24.0,0.0,0.0,0.0,0.0,0.0,0.0,0.0,0.0,0.0,6.0,24.0,48.0,2
12540,19,17,13400.24,277,65.0,18.0,52.0,24.0,108.0,0.0,12.0,60.0,12.0,144.0,10.0,0.0,0.0,0.0,0.0,0.0,36.0,0.0,24.0,0.0,1
12541,29,3,981.18,46,5.0,0.0,0.0,0.0,0.0,0.0,0.0,0.0,0.0,24.0,0.0,0.0,0.0,0.0,0.0,0.0,36.0,0.0,0.0,0.0,0
12544,35,1,372.7,19,2.0,0.0,0.0,0.0,0.0,0.0,0.0,0.0,0.0,0.0,0.0,0.0,0.0,0.0,0.0,0.0,0.0,0.0,0.0,0.0,0
12545,74,2,1000.39,42,6.0,0.0,1.0,0.0,0.0,0.0,0.0,0.0,0.0,0.0,0.0,0.0,0.0,0.0,0.0,0.0,0.0,0.0,0.0,0.0,0
12546,46,2,1161.5,59,5.0,6.0,0.0,0.0,0.0,0.0,0.0,0.0,0.0,0.0,0.0,0.0,0.0,10.0,0.0,0.0,0.0,6.0,0.0,0.0,0
12547,197,2,207.79999999999998,7,2.0,0.0,0.0,0.0,0.0,0.0,0.0,0.0,0.0,0.0,0.0,0.0,0.0,0.0,0.0,0.0,24.0,0.0,0.0,0.0,0
12548,165,1,95.19999999999999,5,1.0,0.0,0.0,0.0,0.0,0.0,0.0,0.0,0.0,0.0,0.0,0.0,0.0,0.0,0.0,0.0,0.0,0.0,0.0,0.0,0
12550,78,1,964.83,57,5.0,6.0,0.0,12.0,0.0,0.0,0.0,0.0,0.0,0.0,0.0,0.0,0.0,0.0,0.0,0.0,0.0,0.0,12.0,12.0,0
12551,357,1,168.0,10,0.0,0.0,0.0,0.0,0.0,0.0,0.0,0.0,0.0,0.0,0.0,0.0,0.0,0.0,10.0,0.0,0.0,0.0,0.0,0.0,0
12552,38,2,437.82,20,3.0,0.0,0.0,0.0,0.0,0.0,0.0,0.0,0.0,0.0,0.0,0.0,0.0,0.0,0.0,0.0,0.0,0.0,0.0,0.0,0
12553,7,10,3692.28,95,23.0,0.0,0.0,48.0,24.0,96.0,0.0,0.0,0.0,0.0,70.0,66.0,0.0,0.0,120.0,0.0,24.0,6.0,0.0,0.0,2
12556,49,2,603.71,100,0.0,0.0,1.0,2.0,2.0,0.0,0.0,0.0,0.0,0.0,0.0,0.0,0.0,0.0,0.0,0.0,0.0,0.0,0.0,0.0,0
12557,15,5,11990.960000000001,15,0.0,0.0,0.0,0.0,0.0,0.0,0.0,0.0,0.0,0.0,220.0,0.0,0.0,0.0,0.0,0.0,0.0,0.0,0.0,0.0,2
12558,7,1,269.96,11,0.0,0.0,0.0,0.0,0.0,0.0,0.0,0.0,0.0,0.0,0.0,0.0,0.0,0.0,10.0,0.0,0.0,0.0,0.0,0.0,0
12559,310,2,561.71,21,2.0,0.0,2.0,0.0,0.0,0.0,0.0,0.0,0.0,0.0,0.0,0.0,0.0,0.0,0.0,0.0,0.0,0.0,0.0,0.0,0
12560,4,3,2134.01,91,12.0,6.0,0.0,12.0,0.0,0.0,0.0,24.0,24.0,24.0,0.0,0.0,0.0,0.0,0.0,0.0,0.0,0.0,24.0,12.0,0
12561,302,1,238.85,16,0.0,6.0,0.0,0.0,0.0,0.0,0.0,0.0,0.0,0.0,0.0,0.0,0.0,0.0,0.0,0.0,12.0,0.0,0.0,0.0,0
12562,7,7,3781.7400000000002,99,22.0,6.0,0.0,12.0,12.0,12.0,0.0,36.0,0.0,0.0,30.0,192.0,2.0,20.0,20.0,40.0,0.0,21.0,24.0,0.0,2
12564,260,1,456.9,21,3.0,6.0,0.0,0.0,0.0,0.0,6.0,12.0,0.0,0.0,0.0,0.0,2.0,0.0,0.0,0.0,0.0,0.0,12.0,0.0,0
12565,288,1,145.92,9,0.0,0.0,0.0,0.0,12.0,0.0,0.0,0.0,0.0,0.0,0.0,0.0,0.0,0.0,0.0,0.0,0.0,0.0,0.0,0.0,0
12566,85,1,351.65,19,3.0,0.0,0.0,0.0,0.0,0.0,0.0,0.0,0.0,0.0,0.0,0.0,0.0,0.0,0.0,0.0,0.0,0.0,0.0,0.0,0
12567,22,10,9401.28,323,44.0,24.0,6.0,36.0,36.0,24.0,18.0,12.0,24.0,24.0,50.0,6.0,10.0,0.0,10.0,70.0,12.0,3.0,24.0,12.0,2
12569,1,32,4124.69,92,54.0,0.0,0.0,0.0,0.0,0.0,0.0,0.0,12.0,24.0,0.0,0.0,0.0,0.0,0.0,0.0,0.0,0.0,0.0,0.0,2
12571,39,2,519.61,31,0.0,0.0,0.0,12.0,0.0,12.0,0.0,0.0,0.0,24.0,0.0,0.0,0.0,0.0,0.0,0.0,24.0,3.0,0.0,0.0,0
12572,8,2,1020.42,53,6.0,6.0,7.0,0.0,0.0,0.0,0.0,0.0,0.0,0.0,0.0,0.0,0.0,0.0,0.0,0.0,0.0,0.0,0.0,0.0,0
12573,226,1,160.54000000000002,26,0.0,0.0,0.0,0.0,0.0,0.0,0.0,0.0,0.0,0.0,0.0,0.0,0.0,0.0,0.0,0.0,0.0,0.0,0.0,0.0,0
12574,315,1,218.45,11,2.0,0.0,0.0,0.0,0.0,0.0,0.0,0.0,0.0,0.0,0.0,0.0,0.0,0.0,0.0,0.0,0.0,0.0,0.0,0.0,0
12576,35,5,1315.83,72,0.0,0.0,0.0,0.0,0.0,0.0,0.0,0.0,0.0,0.0,0.0,0.0,0.0,0.0,0.0,0.0,0.0,0.0,0.0,0.0,0
12577,34,3,657.8,137,0.0,0.0,0.0,0.0,0.0,0.0,0.0,0.0,0.0,0.0,0.0,0.0,0.0,0.0,0.0,0.0,0.0,0.0,0.0,0.0,0
12578,20,2,2794.51,111,14.0,0.0,1.0,12.0,12.0,0.0,6.0,12.0,0.0,0.0,10.0,0.0,0.0,0.0,0.0,0.0,0.0,0.0,12.0,0.0,0
12579,77,1,440.42,29,3.0,0.0,1.0,12.0,0.0,0.0,0.0,0.0,12.0,0.0,0.0,0.0,2.0,10.0,0.0,0.0,0.0,0.0,0.0,0.0,0
12580,246,1,415.7,24,2.0,0.0,0.0,12.0,0.0,0.0,0.0,0.0,12.0,0.0,0.0,0.0,0.0,10.0,0.0,0.0,0.0,0.0,0.0,0.0,0
12581,39,1,197.71,15,1.0,6.0,0.0,0.0,0.0,0.0,0.0,0.0,0.0,0.0,0.0,0.0,0.0,0.0,0.0,0.0,0.0,0.0,0.0,0.0,0
12582,238,2,511.36,21,4.0,0.0,0.0,0.0,0.0,0.0,0.0,0.0,0.0,24.0,0.0,0.0,0.0,0.0,0.0,0.0,0.0,0.0,0.0,0.0,0
12583,2,15,7281.38,115,32.0,102.0,0.0,72.0,120.0,72.0,12.0,36.0,60.0,48.0,0.0,72.0,16.0,50.0,0.0,0.0,96.0,0.0,0.0,0.0,1
12584,3,9,2338.15,44,3.0,0.0,1.0,0.0,0.0,0.0,0.0,0.0,0.0,0.0,0.0,0.0,0.0,0.0,0.0,0.0,0.0,0.0,0.0,0.0,0
12585,233,2,2040.1,77,12.0,0.0,4.0,0.0,12.0,0.0,0.0,0.0,0.0,24.0,0.0,0.0,0.0,0.0,0.0,0.0,0.0,0.0,0.0,12.0,0
12586,16,1,196.94000000000003,11,0.0,0.0,0.0,0.0,0.0,0.0,0.0,0.0,0.0,0.0,0.0,0.0,0.0,0.0,0.0,0.0,0.0,6.0,0.0,0.0,0
12587,7,1,144.0,4,1.0,0.0,0.0,0.0,0.0,0.0,0.0,0.0,0.0,0.0,0.0,0.0,0.0,0.0,0.0,0.0,0.0,0.0,0.0,0.0,0
12588,38,1,214.89999999999998,10,1.0,0.0,2.0,0.0,0.0,0.0,0.0,0.0,0.0,0.0,0.0,0.0,0.0,0.0,0.0,0.0,0.0,0.0,0.0,0.0,0
12589,28,2,646.68,29,4.0,0.0,5.0,0.0,0.0,0.0,0.0,0.0,0.0,0.0,0.0,0.0,0.0,0.0,0.0,0.0,0.0,0.0,0.0,0.0,0
12590,210,2,9864.26,68,1.0,0.0,0.0,0.0,0.0,48.0,0.0,0.0,0.0,0.0,100.0,0.0,0.0,100.0,0.0,100.0,0.0,0.0,64.0,0.0,4
12591,316,1,452.84999999999997,26,3.0,0.0,0.0,0.0,0.0,0.0,0.0,0.0,0.0,0.0,0.0,0.0,0.0,0.0,0.0,0.0,0.0,0.0,0.0,12.0,0
12592,91,2,437.6,11,2.0,0.0,0.0,0.0,0.0,0.0,0.0,24.0,0.0,0.0,0.0,0.0,0.0,50.0,0.0,40.0,0.0,0.0,0.0,0.0,0
12593,108,3,418.09999999999997,14,2.0,0.0,0.0,0.0,0.0,24.0,0.0,24.0,0.0,0.0,0.0,0.0,0.0,0.0,0.0,30.0,0.0,0.0,24.0,0.0,0
12594,37,10,3338.2200000000003,50,5.0,48.0,0.0,24.0,36.0,0.0,6.0,0.0,0.0,0.0,0.0,72.0,0.0,50.0,0.0,60.0,0.0,33.0,0.0,0.0,2
12596,50,2,618.27,25,6.0,6.0,0.0,0.0,0.0,0.0,6.0,0.0,0.0,0.0,0.0,0.0,0.0,0.0,0.0,0.0,0.0,0.0,0.0,0.0,0
12597,18,4,3811.22,184,22.0,0.0,2.0,24.0,0.0,0.0,0.0,0.0,0.0,24.0,0.0,12.0,2.0,0.0,10.0,10.0,0.0,0.0,0.0,0.0,0
12598,9,8,3023.08,84,12.0,0.0,1.0,60.0,60.0,12.0,0.0,24.0,72.0,24.0,0.0,30.0,6.0,30.0,0.0,0.0,0.0,0.0,24.0,0.0,2
12599,28,7,1032.58,32,8.0,0.0,0.0,0.0,0.0,0.0,0.0,0.0,0.0,24.0,0.0,0.0,0.0,0.0,0.0,0.0,72.0,0.0,0.0,0.0,0
12600,28,10,2599.04,32,16.0,0.0,0.0,0.0,0.0,12.0,0.0,0.0,0.0,0.0,0.0,12.0,0.0,10.0,50.0,30.0,0.0,0.0,0.0,0.0,0
12601,189,5,577.0600000000001,21,5.0,0.0,0.0,12.0,0.0,0.0,0.0,0.0,0.0,0.0,0.0,0.0,0.0,0.0,0.0,0.0,0.0,0.0,0.0,48.0,0
12602,58,1,153.12,12,0.0,0.0,0.0,0.0,0.0,0.0,0.0,0.0,0.0,0.0,0.0,0.0,0.0,0.0,0.0,0.0,0.0,0.0,0.0,0.0,0
12603,21,1,739.1999999999999,2,7.0,0.0,56.0,0.0,0.0,0.0,0.0,0.0,0.0,0.0,0.0,0.0,0.0,0.0,0.0,0.0,0.0,0.0,0.0,0.0,0
12604,78,2,254.18,15,1.0,0.0,0.0,0.0,0.0,0.0,0.0,0.0,0.0,24.0,0.0,0.0,0.0,0.0,0.0,0.0,0.0,0.0,0.0,0.0,0
12607,59,1,1579.51,101,0.0,6.0,0.0,0.0,0.0,0.0,0.0,0.0,12.0,24.0,0.0,0.0,2.0,0.0,0.0,0.0,0.0,3.0,0.0,0.0,0
12609,77,3,1126.85,57,9.0,12.0,0.0,0.0,0.0,0.0,6.0,12.0,0.0,0.0,0.0,0.0,0.0,0.0,0.0,10.0,0.0,0.0,12.0,0.0,0
12610,22,5,2099.54,85,10.0,0.0,1.0,0.0,0.0,0.0,0.0,0.0,0.0,24.0,0.0,0.0,2.0,0.0,0.0,0.0,12.0,3.0,0.0,24.0,0
12611,51,1,1193.32,65,0.0,6.0,0.0,12.0,12.0,0.0,0.0,0.0,0.0,24.0,0.0,0.0,2.0,0.0,10.0,0.0,0.0,3.0,0.0,12.0,0
12612,73,1,704.0400000000001,19,2.0,0.0,0.0,0.0,0.0,0.0,0.0,0.0,0.0,0.0,0.0,0.0,0.0,0.0,0.0,0.0,0.0,0.0,0.0,0.0,0
12613,56,5,3344.38,124,14.0,42.0,4.0,48.0,36.0,0.0,24.0,0.0,24.0,0.0,0.0,6.0,0.0,0.0,10.0,0.0,0.0,6.0,0.0,24.0,2
12614,277,1,315.6,20,0.0,0.0,0.0,0.0,0.0,0.0,0.0,0.0,0.0,0.0,0.0,0.0,0.0,0.0,0.0,0.0,0.0,0.0,0.0,0.0,0
12615,1,4,2291.19,82,11.0,0.0,0.0,0.0,0.0,12.0,0.0,12.0,0.0,0.0,10.0,132.0,10.0,0.0,20.0,0.0,0.0,0.0,12.0,48.0,0
12616,94,2,713.3,25,4.0,6.0,0.0,24.0,12.0,0.0,6.0,0.0,12.0,0.0,0.0,0.0,16.0,0.0,0.0,0.0,0.0,0.0,0.0,0.0,0
12617,28,1,355.53,39,0.0,0.0,0.0,0.0,0.0,0.0,0.0,0.0,0.0,0.0,0.0,0.0,0.0,0.0,0.0,0.0,0.0,0.0,0.0,0.0,0
12618,21,1,177.31,11,1.0,0.0,0.0,0.0,0.0,0.0,0.0,0.0,0.0,0.0,0.0,0.0,2.0,0.0,0.0,0.0,0.0,0.0,0.0,0.0,0
12619,15,9,3641.24,50,17.0,0.0,3.0,0.0,0.0,0.0,0.0,0.0,0.0,120.0,0.0,0.0,0.0,0.0,0.0,0.0,0.0,0.0,0.0,0.0,0
12620,14,3,1339.41,89,2.0,0.0,0.0,12.0,0.0,0.0,0.0,0.0,0.0,0.0,20.0,6.0,0.0,0.0,0.0,10.0,0.0,0.0,0.0,0.0,0
12621,1,20,13689.67,261,71.0,138.0,81.0,0.0,0.0,36.0,78.0,148.0,24.0,96.0,40.0,96.0,6.0,80.0,30.0,50.0,0.0,0.0,12.0,36.0,1
12622,231,1,180.1,11,1.0,0.0,1.0,0.0,0.0,0.0,0.0,0.0,0.0,0.0,0.0,0.0,0.0,0.0,0.0,0.0,0.0,3.0,0.0,0.0,0
12623,275,1,305.1,18,2.0,6.0,0.0,0.0,0.0,12.0,0.0,0.0,0.0,0.0,0.0,0.0,0.0,20.0,10.0,0.0,0.0,0.0,0.0,0.0,0
12624,105,2,641.13,36,4.0,0.0,1.0,0.0,0.0,0.0,0.0,12.0,0.0,24.0,0.0,0.0,0.0,0.0,0.0,0.0,12.0,0.0,0.0,0.0,0
12625,211,2,2683.82,73,15.0,0.0,16.0,12.0,12.0,0.0,12.0,0.0,12.0,0.0,0.0,0.0,0.0,0.0,0.0,0.0,0.0,0.0,0.0,24.0,0
12626,22,9,6620.48,232,37.0,54.0,1.0,36.0,0.0,12.0,30.0,24.0,48.0,0.0,10.0,6.0,0.0,0.0,50.0,10.0,12.0,6.0,24.0,12.0,2
12627,10,7,4478.53,162,22.0,60.0,3.0,60.0,12.0,12.0,0.0,36.0,48.0,0.0,30.0,0.0,0.0,30.0,30.0,80.0,12.0,3.0,0.0,0.0,2
12628,3,3,786.46,34,3.0,0.0,0.0,0.0,0.0,0.0,0.0,0.0,12.0,0.0,0.0,0.0,0.0,0.0,0.0,0.0,0.0,0.0,0.0,0.0,0
12630,9,2,1270.88,60,6.0,0.0,1.0,0.0,0.0,0.0,0.0,0.0,0.0,0.0,0.0,0.0,0.0,0.0,0.0,0.0,0.0,0.0,0.0,0.0,0
12631,56,1,640.5,31,4.0,0.0,0.0,0.0,0.0,12.0,0.0,0.0,0.0,24.0,0.0,0.0,0.0,0.0,0.0,0.0,0.0,0.0,0.0,0.0,0
12633,58,4,2163.98,73,13.0,18.0,0.0,0.0,12.0,12.0,18.0,0.0,0.0,24.0,0.0,6.0,0.0,0.0,20.0,0.0,0.0,12.0,0.0,0.0,0
12635,89,2,1689.18,96,10.0,12.0,0.0,0.0,0.0,0.0,12.0,0.0,0.0,0.0,0.0,0.0,0.0,0.0,0.0,0.0,0.0,3.0,0.0,0.0,0
12637,66,8,6021.9,205,11.0,30.0,1.0,64.0,88.0,0.0,8.0,28.0,64.0,0.0,7.0,0.0,12.0,0.0,4.0,23.0,24.0,0.0,12.0,0.0,2
12638,32,1,671.69,39,4.0,0.0,0.0,0.0,0.0,0.0,0.0,0.0,0.0,24.0,0.0,12.0,0.0,0.0,0.0,0.0,0.0,0.0,0.0,0.0,0
12639,238,1,486.1,22,3.0,0.0,0.0,0.0,12.0,0.0,0.0,0.0,0.0,0.0,10.0,0.0,0.0,0.0,0.0,0.0,0.0,0.0,0.0,0.0,0
12640,23,3,1174.58,47,10.0,0.0,3.0,0.0,0.0,0.0,0.0,0.0,0.0,0.0,0.0,0.0,0.0,0.0,0.0,0.0,0.0,0.0,0.0,12.0,0
12641,114,1,185.9,10,1.0,0.0,0.0,0.0,12.0,0.0,0.0,0.0,0.0,0.0,0.0,0.0,0.0,0.0,0.0,0.0,0.0,0.0,0.0,0.0,0
12642,24,3,1013.26,39,6.0,0.0,0.0,0.0,0.0,0.0,0.0,0.0,0.0,0.0,0.0,0.0,0.0,0.0,0.0,0.0,0.0,0.0,0.0,0.0,0
12643,127,6,3344.64,11,20.0,0.0,0.0,0.0,0.0,0.0,0.0,0.0,0.0,144.0,0.0,0.0,0.0,0.0,0.0,0.0,0.0,0.0,0.0,0.0,0
12644,129,1,477.91,31,0.0,0.0,1.0,0.0,0.0,0.0,0.0,0.0,0.0,0.0,0.0,0.0,0.0,0.0,0.0,0.0,0.0,0.0,0.0,12.0,0
12645,33,4,1775.18,58,8.0,36.0,0.0,48.0,60.0,12.0,48.0,0.0,60.0,24.0,0.0,0.0,0.0,40.0,0.0,10.0,0.0,12.0,12.0,0.0,2
12646,4,2,1346.97,43,0.0,0.0,3.0,0.0,0.0,0.0,0.0,0.0,0.0,0.0,0.0,0.0,0.0,0.0,0.0,0.0,0.0,0.0,0.0,12.0,0
12647,21,12,3722.82,78,32.0,0.0,0.0,0.0,0.0,12.0,0.0,0.0,0.0,48.0,10.0,0.0,0.0,0.0,10.0,10.0,0.0,0.0,0.0,12.0,2
12648,154,1,318.05,21,1.0,0.0,0.0,0.0,0.0,0.0,0.0,0.0,0.0,0.0,0.0,0.0,0.0,0.0,0.0,0.0,0.0,0.0,0.0,0.0,0
12649,106,3,623.51,28,3.0,42.0,0.0,12.0,0.0,24.0,6.0,0.0,0.0,0.0,0.0,18.0,0.0,0.0,0.0,0.0,0.0,0.0,0.0,0.0,0
12650,2,1,314.44,20,4.0,0.0,0.0,0.0,0.0,0.0,0.0,0.0,0.0,0.0,0.0,0.0,0.0,0.0,0.0,0.0,0.0,0.0,0.0,0.0,0
12651,334,1,114.0,9,0.0,0.0,0.0,0.0,0.0,0.0,0.0,0.0,0.0,0.0,0.0,0.0,0.0,0.0,0.0,0.0,12.0,0.0,0.0,0.0,0
12652,330,1,919.98,48,7.0,0.0,0.0,12.0,0.0,12.0,0.0,0.0,12.0,24.0,0.0,0.0,0.0,10.0,0.0,0.0,0.0,3.0,0.0,0.0,0
12653,148,2,2209.85,37,0.0,48.0,48.0,0.0,0.0,0.0,0.0,36.0,0.0,0.0,0.0,0.0,0.0,20.0,0.0,0.0,0.0,0.0,48.0,0.0,0
12654,10,5,601.98,31,4.0,6.0,1.0,12.0,24.0,12.0,0.0,12.0,0.0,0.0,0.0,6.0,0.0,20.0,0.0,0.0,0.0,0.0,0.0,0.0,0
12656,16,5,4051.17,89,24.0,36.0,6.0,12.0,0.0,0.0,6.0,124.0,12.0,0.0,120.0,12.0,2.0,0.0,20.0,80.0,0.0,6.0,88.0,0.0,4
12657,10,4,1643.18,35,12.0,0.0,22.0,0.0,0.0,0.0,0.0,0.0,0.0,24.0,0.0,0.0,0.0,0.0,0.0,0.0,0.0,0.0,0.0,0.0,0
12658,18,1,686.05,36,3.0,0.0,0.0,0.0,0.0,0.0,0.0,0.0,0.0,0.0,0.0,0.0,0.0,0.0,0.0,0.0,0.0,0.0,0.0,0.0,0
12659,29,1,91.68,5,1.0,0.0,0.0,0.0,0.0,0.0,0.0,0.0,0.0,0.0,0.0,0.0,0.0,0.0,0.0,0.0,0.0,0.0,0.0,0.0,0
12660,10,1,245.1,13,1.0,0.0,0.0,12.0,12.0,0.0,0.0,0.0,0.0,0.0,0.0,0.0,0.0,0.0,0.0,0.0,0.0,0.0,0.0,0.0,0
12662,0,11,3849.78,129,17.0,66.0,0.0,12.0,12.0,0.0,24.0,0.0,0.0,0.0,0.0,0.0,20.0,80.0,0.0,40.0,0.0,9.0,0.0,0.0,2
12664,7,9,4881.88,10,15.0,0.0,0.0,0.0,0.0,0.0,0.0,0.0,0.0,0.0,0.0,0.0,0.0,0.0,0.0,0.0,0.0,0.0,0.0,0.0,0
12665,324,1,63.0,3,1.0,0.0,0.0,0.0,0.0,0.0,0.0,0.0,0.0,0.0,0.0,0.0,0.0,0.0,0.0,0.0,0.0,0.0,0.0,0.0,0
12667,57,1,620.13,33,4.0,0.0,0.0,0.0,0.0,0.0,0.0,0.0,0.0,24.0,0.0,0.0,2.0,0.0,0.0,0.0,0.0,3.0,0.0,0.0,0
12668,11,4,3807.15,115,35.0,18.0,0.0,12.0,0.0,24.0,12.0,12.0,12.0,0.0,0.0,0.0,4.0,0.0,0.0,0.0,0.0,0.0,0.0,0.0,2
12669,150,3,2744.0299999999997,98,10.0,6.0,0.0,12.0,12.0,0.0,12.0,12.0,12.0,24.0,0.0,0.0,0.0,10.0,0.0,10.0,0.0,0.0,12.0,0.0,0
12670,9,5,2996.05,58,14.0,24.0,0.0,12.0,48.0,72.0,36.0,24.0,24.0,0.0,40.0,120.0,16.0,0.0,0.0,10.0,0.0,0.0,0.0,0.0,2
12672,329,1,225.89999999999998,10,0.0,0.0,0.0,0.0,0.0,0.0,0.0,0.0,0.0,0.0,0.0,0.0,6.0,0.0,10.0,0.0,0.0,0.0,0.0,0.0,0
12673,4,2,610.52,42,2.0,0.0,0.0,12.0,0.0,0.0,0.0,0.0,0.0,0.0,0.0,0.0,4.0,0.0,10.0,0.0,0.0,3.0,0.0,0.0,0
12674,38,4,1970.6,52,7.0,36.0,0.0,0.0,0.0,0.0,6.0,12.0,0.0,0.0,0.0,78.0,2.0,0.0,0.0,0.0,0.0,0.0,12.0,0.0,0
12676,24,6,1331.39,33,6.0,0.0,0.0,0.0,0.0,0.0,0.0,0.0,0.0,0.0,0.0,0.0,0.0,0.0,0.0,0.0,0.0,0.0,0.0,0.0,0
12678,41,12,17628.46,105,22.0,96.0,0.0,240.0,240.0,0.0,48.0,48.0,240.0,72.0,80.0,1320.0,0.0,0.0,0.0,0.0,216.0,0.0,0.0,84.0,1
12679,58,4,1113.02,43,9.0,0.0,0.0,12.0,0.0,12.0,6.0,12.0,12.0,0.0,0.0,0.0,0.0,0.0,0.0,0.0,0.0,0.0,0.0,0.0,0
12680,0,4,862.81,33,4.0,6.0,0.0,0.0,24.0,0.0,0.0,36.0,0.0,0.0,0.0,0.0,0.0,0.0,0.0,0.0,0.0,0.0,24.0,0.0,0
12681,14,22,13787.54,267,79.0,78.0,8.0,108.0,156.0,324.0,30.0,24.0,24.0,96.0,10.0,312.0,26.0,40.0,10.0,0.0,60.0,6.0,0.0,48.0,1
12682,3,31,12288.22,209,70.0,30.0,10.0,72.0,96.0,132.0,30.0,0.0,84.0,96.0,110.0,858.0,32.0,0.0,30.0,80.0,12.0,6.0,24.0,96.0,1
12683,3,15,8476.57,177,53.0,0.0,48.0,0.0,0.0,12.0,42.0,88.0,12.0,48.0,0.0,0.0,0.0,0.0,0.0,10.0,84.0,0.0,60.0,12.0,2
12684,7,7,2283.63,61,10.0,0.0,0.0,0.0,36.0,0.0,0.0,12.0,12.0,0.0,0.0,0.0,0.0,10.0,0.0,10.0,0.0,3.0,0.0,0.0,0
12685,27,6,2863.08,117,16.0,12.0,3.0,24.0,0.0,0.0,0.0,0.0,24.0,0.0,0.0,6.0,0.0,0.0,10.0,10.0,0.0,0.0,12.0,12.0,0
12686,371,1,89.14,7,1.0,0.0,0.0,0.0,0.0,0.0,0.0,0.0,0.0,0.0,0.0,0.0,0.0,0.0,0.0,0.0,0.0,0.0,0.0,0.0,0
12688,113,1,4873.8099999999995,171,0.0,48.0,2.0,0.0,0.0,0.0,12.0,12.0,0.0,24.0,0.0,0.0,0.0,100.0,0.0,0.0,12.0,6.0,12.0,12.0,2
12689,25,2,1247.61,57,6.0,0.0,0.0,24.0,0.0,36.0,0.0,0.0,24.0,0.0,10.0,24.0,0.0,20.0,10.0,10.0,0.0,0.0,0.0,0.0,0
12690,205,1,389.01,16,3.0,0.0,0.0,0.0,0.0,12.0,0.0,0.0,0.0,0.0,0.0,12.0,0.0,0.0,0.0,0.0,0.0,0.0,0.0,0.0,0
12691,27,6,1035.8,21,6.0,12.0,0.0,0.0,0.0,144.0,0.0,0.0,0.0,0.0,0.0,0.0,16.0,0.0,0.0,0.0,0.0,0.0,0.0,0.0,0
12693,126,4,855.91,35,8.0,0.0,0.0,0.0,0.0,0.0,0.0,0.0,0.0,0.0,0.0,0.0,0.0,0.0,0.0,0.0,0.0,0.0,0.0,24.0,0
12694,69,2,869.67,32,6.0,0.0,4.0,0.0,0.0,0.0,0.0,0.0,0.0,0.0,0.0,0.0,0.0,0.0,0.0,0.0,12.0,0.0,0.0,0.0,0
12695,6,4,582.1,23,0.0,0.0,0.0,0.0,0.0,0.0,0.0,0.0,0.0,0.0,0.0,0.0,0.0,0.0,0.0,0.0,0.0,0.0,0.0,0.0,0
12697,28,3,957.59,37,5.0,0.0,0.0,0.0,0.0,0.0,0.0,0.0,0.0,0.0,0.0,0.0,0.0,0.0,0.0,0.0,0.0,0.0,0.0,12.0,0
12700,7,4,4939.99,193,23.0,6.0,7.0,36.0,48.0,12.0,6.0,24.0,36.0,24.0,10.0,48.0,4.0,10.0,10.0,10.0,0.0,0.0,24.0,0.0,2
12701,79,2,797.71,50,4.0,12.0,0.0,12.0,12.0,12.0,6.0,0.0,0.0,24.0,0.0,0.0,2.0,0.0,0.0,0.0,0.0,0.0,0.0,0.0,0
12702,19,1,219.0,12,1.0,0.0,0.0,0.0,0.0,0.0,0.0,0.0,0.0,0.0,0.0,0.0,0.0,0.0,0.0,0.0,0.0,0.0,0.0,0.0,0
12703,70,1,283.55,21,1.0,0.0,0.0,0.0,0.0,0.0,6.0,0.0,0.0,0.0,0.0,0.0,0.0,0.0,0.0,0.0,0.0,0.0,0.0,0.0,0
12704,6,8,2340.84,64,15.0,0.0,0.0,24.0,24.0,72.0,0.0,0.0,0.0,0.0,0.0,156.0,4.0,0.0,20.0,10.0,12.0,0.0,0.0,0.0,2
12705,14,9,6868.29,228,27.0,66.0,15.0,24.0,24.0,36.0,54.0,24.0,0.0,24.0,20.0,24.0,12.0,70.0,10.0,20.0,12.0,0.0,0.0,0.0,2
12707,291,1,603.42,33,0.0,0.0,0.0,0.0,0.0,0.0,0.0,0.0,0.0,0.0,0.0,0.0,0.0,0.0,0.0,0.0,0.0,6.0,0.0,0.0,0
12708,29,10,2712.91,86,15.0,66.0,2.0,24.0,24.0,0.0,42.0,48.0,24.0,0.0,0.0,0.0,0.0,0.0,0.0,0.0,0.0,0.0,0.0,0.0,2
12709,14,15,9736.52,93,17.0,0.0,117.0,0.0,0.0,0.0,0.0,0.0,0.0,120.0,0.0,0.0,0.0,0.0,0.0,0.0,114.0,0.0,0.0,156.0,2
12710,96,3,1149.02,75,7.0,0.0,0.0,0.0,0.0,0.0,0.0,12.0,0.0,24.0,0.0,0.0,0.0,0.0,0.0,0.0,12.0,0.0,12.0,0.0,0
12712,28,13,4396.13,58,26.0,0.0,0.0,12.0,0.0,0.0,0.0,0.0,0.0,0.0,0.0,0.0,0.0,0.0,0.0,0.0,0.0,6.0,0.0,0.0,0
12713,0,1,848.55,38,3.0,0.0,0.0,0.0,12.0,0.0,0.0,0.0,0.0,0.0,0.0,0.0,0.0,0.0,0.0,0.0,0.0,0.0,0.0,0.0,0
12714,8,5,4708.86,216,23.0,18.0,1.0,0.0,24.0,24.0,12.0,0.0,12.0,0.0,30.0,60.0,6.0,0.0,0.0,0.0,12.0,0.0,0.0,0.0,2
12715,105,1,353.86,20,2.0,0.0,0.0,0.0,0.0,12.0,0.0,0.0,0.0,0.0,0.0,0.0,0.0,10.0,10.0,0.0,0.0,0.0,0.0,0.0,0
12716,3,2,1053.49,60,5.0,6.0,0.0,0.0,0.0,0.0,12.0,0.0,0.0,24.0,0.0,0.0,0.0,0.0,0.0,0.0,0.0,0.0,0.0,0.0,0
12717,150,2,1030.98,49,4.0,0.0,0.0,0.0,0.0,0.0,0.0,0.0,0.0,0.0,0.0,0.0,0.0,0.0,0.0,0.0,0.0,0.0,0.0,12.0,0
12718,70,1,238.25,19,2.0,0.0,0.0,0.0,0.0,0.0,0.0,0.0,0.0,0.0,0.0,0.0,0.0,0.0,0.0,0.0,0.0,0.0,0.0,0.0,0
12719,4,2,644.95,34,4.0,0.0,0.0,0.0,0.0,0.0,0.0,0.0,0.0,0.0,0.0,0.0,0.0,0.0,0.0,0.0,0.0,0.0,0.0,0.0,0
12720,2,25,5781.73,211,37.0,36.0,0.0,24.0,12.0,12.0,12.0,0.0,0.0,72.0,20.0,0.0,0.0,20.0,50.0,20.0,48.0,0.0,0.0,84.0,2
12721,31,6,2656.13,133,15.0,0.0,2.0,24.0,12.0,36.0,0.0,24.0,12.0,24.0,10.0,18.0,0.0,0.0,30.0,20.0,12.0,0.0,24.0,0.0,2
12722,84,4,997.63,50,1.0,0.0,0.0,0.0,0.0,0.0,0.0,0.0,0.0,0.0,0.0,0.0,0.0,0.0,0.0,0.0,0.0,0.0,0.0,0.0,0
12723,3,5,725.07,53,1.0,0.0,0.0,0.0,0.0,7.0,0.0,0.0,0.0,0.0,0.0,10.0,0.0,0.0,0.0,0.0,0.0,0.0,2.0,0.0,0
12724,4,4,1031.41,47,6.0,6.0,0.0,0.0,0.0,0.0,0.0,12.0,0.0,0.0,10.0,30.0,0.0,10.0,0.0,10.0,0.0,0.0,12.0,0.0,0
12725,370,1,427.8,24,2.0,0.0,0.0,0.0,0.0,0.0,0.0,0.0,0.0,0.0,0.0,0.0,0.0,0.0,0.0,0.0,0.0,0.0,0.0,0.0,0
12726,27,7,2609.1,57,11.0,0.0,0.0,0.0,0.0,0.0,0.0,0.0,0.0,24.0,0.0,0.0,0.0,0.0,0.0,0.0,84.0,0.0,0.0,0.0,0
12727,10,7,3980.7,109,30.0,0.0,0.0,0.0,12.0,0.0,0.0,0.0,12.0,0.0,0.0,24.0,0.0,0.0,0.0,0.0,24.0,6.0,0.0,0.0,0
12728,70,4,836.33,38,6.0,0.0,3.0,0.0,24.0,24.0,0.0,0.0,0.0,24.0,0.0,0.0,2.0,0.0,0.0,0.0,0.0,0.0,0.0,24.0,0
12729,113,1,453.01,26,2.0,0.0,0.0,12.0,0.0,0.0,0.0,0.0,12.0,0.0,0.0,0.0,0.0,10.0,0.0,0.0,0.0,0.0,0.0,0.0,0
12731,23,12,18895.91,109,8.0,0.0,80.0,108.0,0.0,0.0,0.0,140.0,132.0,24.0,200.0,192.0,0.0,0.0,0.0,0.0,0.0,120.0,92.0,0.0,4
12732,179,1,236.26000000000002,12,1.0,0.0,0.0,0.0,0.0,0.0,6.0,0.0,0.0,0.0,0.0,0.0,0.0,0.0,0.0,0.0,0.0,0.0,0.0,0.0,0
12733,233,1,383.95,22,0.0,0.0,6.0,0.0,0.0,0.0,0.0,0.0,0.0,0.0,0.0,0.0,0.0,0.0,0.0,0.0,0.0,0.0,0.0,0.0,0
12734,352,1,110.39999999999999,4,0.0,0.0,0.0,0.0,0.0,0.0,0.0,0.0,0.0,0.0,0.0,0.0,0.0,0.0,0.0,0.0,0.0,0.0,0.0,0.0,0
12735,314,2,779.5699999999999,38,5.0,0.0,0.0,0.0,0.0,0.0,0.0,0.0,12.0,24.0,10.0,0.0,2.0,10.0,0.0,0.0,0.0,3.0,0.0,0.0,0
12736,332,1,234.0,4,5.0,0.0,0.0,0.0,0.0,0.0,0.0,0.0,0.0,120.0,0.0,0.0,0.0,0.0,0.0,0.0,0.0,0.0,0.0,0.0,0
12738,371,1,155.35,11,1.0,0.0,0.0,0.0,0.0,0.0,0.0,0.0,0.0,24.0,0.0,0.0,0.0,0.0,0.0,0.0,0.0,0.0,0.0,12.0,0
12739,77,2,1013.04,38,1.0,0.0,12.0,12.0,0.0,0.0,0.0,12.0,0.0,0.0,0.0,0.0,0.0,0.0,0.0,0.0,0.0,12.0,12.0,0.0,0
12740,63,1,427.6,27,0.0,0.0,0.0,12.0,0.0,0.0,0.0,0.0,0.0,24.0,0.0,0.0,4.0,0.0,0.0,0.0,12.0,0.0,0.0,0.0,0
12743,133,2,546.43,114,0.0,0.0,1.0,0.0,1.0,0.0,0.0,0.0,0.0,0.0,0.0,0.0,0.0,0.0,0.0,0.0,0.0,2.0,0.0,0.0,0
12744,51,7,21279.29,178,0.0,0.0,16.0,0.0,0.0,0.0,0.0,0.0,12.0,24.0,0.0,0.0,0.0,0.0,30.0,0.0,0.0,0.0,0.0,12.0,2
12750,128,1,275.88,15,0.0,0.0,0.0,0.0,0.0,0.0,0.0,0.0,0.0,0.0,0.0,0.0,0.0,0.0,0.0,0.0,0.0,0.0,0.0,0.0,0
12752,80,1,4366.78,53,0.0,0.0,0.0,48.0,24.0,60.0,0.0,0.0,24.0,24.0,0.0,0.0,0.0,0.0,100.0,0.0,72.0,0.0,0.0,0.0,2
12753,22,6,21429.39,132,0.0,0.0,0.0,0.0,0.0,144.0,0.0,0.0,0.0,0.0,100.0,120.0,120.0,0.0,0.0,0.0,96.0,0.0,0.0,60.0,2
12754,235,3,3010.74,49,0.0,0.0,0.0,0.0,0.0,0.0,0.0,0.0,0.0,0.0,0.0,0.0,0.0,0.0,0.0,0.0,0.0,0.0,0.0,0.0,0
12755,280,2,3811.95,4,0.0,0.0,0.0,0.0,0.0,0.0,1488.0,0.0,0.0,0.0,0.0,0.0,0.0,0.0,0.0,0.0,0.0,0.0,0.0,0.0,0
12756,86,1,112.07999999999998,4,0.0,0.0,0.0,0.0,0.0,0.0,0.0,0.0,0.0,0.0,0.0,0.0,0.0,0.0,0.0,0.0,0.0,0.0,0.0,0.0,0
12757,15,13,7857.1,237,2.0,0.0,0.0,18.0,18.0,0.0,0.0,0.0,20.0,2.0,55.0,0.0,0.0,0.0,40.0,3.0,17.0,3.0,0.0,0.0,2
12758,116,2,2791.59,84,0.0,0.0,0.0,0.0,0.0,0.0,0.0,0.0,0.0,0.0,50.0,0.0,6.0,0.0,40.0,10.0,0.0,0.0,12.0,0.0,0
12759,51,3,1531.44,81,8.0,0.0,1.0,0.0,0.0,0.0,0.0,36.0,0.0,0.0,0.0,0.0,0.0,0.0,0.0,0.0,0.0,0.0,24.0,0.0,0
12762,7,2,1898.52,62,7.0,0.0,0.0,0.0,0.0,24.0,0.0,0.0,0.0,24.0,0.0,60.0,0.0,0.0,0.0,0.0,0.0,24.0,0.0,0.0,0
12763,137,2,494.08,16,0.0,0.0,0.0,0.0,0.0,0.0,0.0,0.0,0.0,0.0,0.0,0.0,0.0,0.0,0.0,0.0,12.0,0.0,0.0,0.0,0
12764,316,1,1693.88,45,0.0,0.0,12.0,0.0,0.0,0.0,0.0,0.0,0.0,0.0,0.0,0.0,0.0,0.0,0.0,0.0,0.0,0.0,0.0,0.0,0
12766,3,7,6989.63,205,19.0,0.0,0.0,12.0,12.0,0.0,0.0,0.0,12.0,48.0,50.0,0.0,8.0,0.0,20.0,0.0,24.0,39.0,0.0,12.0,2
12769,238,1,1143.6,32,0.0,0.0,16.0,0.0,0.0,0.0,0.0,12.0,0.0,0.0,0.0,0.0,0.0,0.0,0.0,0.0,0.0,0.0,24.0,0.0,0
12770,210,1,1351.45,12,0.0,0.0,0.0,0.0,0.0,0.0,0.0,0.0,0.0,0.0,50.0,0.0,0.0,0.0,0.0,0.0,96.0,0.0,0.0,0.0,0
12772,59,1,892.47,55,5.0,0.0,0.0,12.0,0.0,0.0,0.0,0.0,0.0,24.0,10.0,0.0,0.0,0.0,0.0,0.0,12.0,3.0,0.0,0.0,0
12775,16,5,1386.04,47,7.0,0.0,0.0,0.0,0.0,0.0,0.0,0.0,0.0,0.0,0.0,0.0,0.0,0.0,0.0,0.0,0.0,0.0,0.0,0.0,0
12778,19,6,822.23,40,8.0,0.0,0.0,0.0,0.0,0.0,0.0,0.0,0.0,24.0,0.0,0.0,0.0,10.0,0.0,0.0,0.0,0.0,0.0,0.0,0
12779,37,8,3981.36,88,0.0,0.0,0.0,12.0,0.0,0.0,0.0,0.0,0.0,0.0,0.0,0.0,0.0,0.0,0.0,10.0,0.0,0.0,0.0,96.0,0
12781,63,2,826.74,25,1.0,24.0,0.0,0.0,0.0,0.0,0.0,0.0,0.0,0.0,0.0,0.0,0.0,0.0,0.0,0.0,0.0,0.0,0.0,0.0,0
12782,4,5,2330.92,81,14.0,0.0,0.0,0.0,0.0,0.0,0.0,0.0,0.0,24.0,0.0,0.0,2.0,0.0,0.0,0.0,0.0,24.0,0.0,0.0,0
12783,1,6,2225.91,76,11.0,0.0,0.0,0.0,0.0,0.0,0.0,0.0,0.0,0.0,0.0,0.0,0.0,0.0,0.0,0.0,0.0,0.0,0.0,0.0,0
12784,8,2,574.42,54,2.0,0.0,0.0,7.0,3.0,0.0,0.0,0.0,5.0,0.0,0.0,0.0,0.0,0.0,0.0,0.0,0.0,1.0,0.0,24.0,0
12785,363,1,311.95,14,2.0,0.0,0.0,0.0,0.0,0.0,0.0,0.0,0.0,0.0,10.0,0.0,0.0,0.0,10.0,0.0,0.0,0.0,0.0,0.0,0
12787,9,3,463.66,17,3.0,0.0,0.0,0.0,0.0,0.0,0.0,0.0,0.0,0.0,0.0,0.0,0.0,0.0,0.0,0.0,0.0,0.0,0.0,0.0,0
12789,64,1,91.85,4,1.0,0.0,0.0,0.0,0.0,0.0,0.0,0.0,0.0,0.0,0.0,0.0,0.0,0.0,0.0,0.0,0.0,0.0,0.0,0.0,0
12790,191,1,324.92,21,2.0,0.0,0.0,0.0,0.0,0.0,0.0,0.0,0.0,0.0,0.0,0.0,0.0,0.0,0.0,0.0,0.0,0.0,0.0,0.0,0
12791,373,1,192.60000000000002,2,1.0,0.0,0.0,0.0,0.0,0.0,0.0,0.0,0.0,0.0,0.0,0.0,0.0,0.0,0.0,0.0,0.0,0.0,0.0,0.0,0
12792,256,1,400.53999999999996,25,2.0,0.0,0.0,0.0,0.0,0.0,0.0,0.0,0.0,0.0,0.0,0.0,0.0,0.0,0.0,0.0,0.0,0.0,0.0,12.0,0
12793,334,2,545.48,21,3.0,0.0,0.0,0.0,0.0,0.0,0.0,0.0,0.0,0.0,20.0,0.0,0.0,10.0,0.0,30.0,0.0,0.0,0.0,0.0,0
12794,52,2,860.41,43,0.0,0.0,0.0,0.0,0.0,0.0,0.0,0.0,0.0,0.0,0.0,0.0,0.0,0.0,0.0,0.0,0.0,0.0,0.0,12.0,0
12795,18,1,430.48,14,4.0,0.0,4.0,0.0,0.0,0.0,0.0,0.0,0.0,0.0,0.0,6.0,0.0,0.0,0.0,0.0,0.0,0.0,0.0,0.0,0
12797,365,1,254.03,13,1.0,0.0,0.0,0.0,0.0,0.0,0.0,0.0,0.0,0.0,0.0,0.0,0.0,0.0,0.0,0.0,0.0,0.0,0.0,0.0,0
12798,9,3,6977.04,6,0.0,0.0,0.0,0.0,0.0,0.0,0.0,0.0,0.0,0.0,0.0,3288.0,0.0,0.0,0.0,0.0,0.0,0.0,0.0,0.0,0
12802,186,1,427.58,25,2.0,12.0,0.0,0.0,0.0,12.0,0.0,0.0,0.0,0.0,0.0,0.0,0.0,0.0,0.0,0.0,0.0,0.0,12.0,0.0,0
12808,36,3,483.65000000000003,27,1.0,0.0,0.0,0.0,0.0,0.0,0.0,0.0,0.0,0.0,0.0,0.0,0.0,0.0,0.0,10.0,0.0,0.0,0.0,0.0,0
12809,177,1,489.31,25,3.0,0.0,2.0,0.0,12.0,0.0,0.0,0.0,0.0,0.0,0.0,0.0,0.0,0.0,0.0,0.0,0.0,0.0,0.0,0.0,0
12811,260,3,514.85,27,3.0,0.0,0.0,0.0,0.0,0.0,0.0,0.0,0.0,0.0,10.0,0.0,0.0,0.0,10.0,0.0,0.0,0.0,0.0,0.0,0
12812,44,1,229.64000000000001,15,0.0,6.0,0.0,0.0,0.0,0.0,6.0,0.0,0.0,0.0,0.0,0.0,0.0,0.0,0.0,0.0,0.0,0.0,0.0,0.0,0
12814,101,1,125.92,2,1.0,0.0,0.0,0.0,0.0,0.0,0.0,0.0,0.0,0.0,0.0,48.0,0.0,0.0,0.0,0.0,0.0,0.0,0.0,0.0,0
12815,147,2,1063.46,38,5.0,0.0,0.0,0.0,0.0,0.0,0.0,0.0,0.0,0.0,0.0,0.0,0.0,0.0,0.0,0.0,0.0,0.0,0.0,12.0,0
12816,95,2,572.2,27,3.0,0.0,0.0,0.0,0.0,0.0,0.0,0.0,0.0,0.0,0.0,0.0,0.0,0.0,0.0,0.0,0.0,0.0,0.0,0.0,0
12817,280,1,166.04,4,1.0,0.0,0.0,0.0,24.0,0.0,0.0,0.0,0.0,0.0,0.0,0.0,0.0,0.0,0.0,0.0,0.0,12.0,0.0,0.0,0
12818,261,1,1542.08,14,9.0,0.0,0.0,0.0,0.0,0.0,0.0,0.0,0.0,0.0,0.0,0.0,0.0,0.0,0.0,0.0,0.0,24.0,0.0,0.0,0
12865,25,2,1568.23,86,0.0,0.0,0.0,0.0,0.0,0.0,0.0,12.0,0.0,0.0,0.0,0.0,0.0,0.0,0.0,0.0,0.0,0.0,12.0,12.0,0
12866,282,1,559.12,26,4.0,0.0,0.0,0.0,0.0,0.0,0.0,0.0,0.0,0.0,0.0,0.0,0.0,0.0,0.0,0.0,0.0,0.0,0.0,0.0,0
12876,57,2,2218.02,67,11.0,48.0,8.0,0.0,0.0,12.0,0.0,0.0,0.0,96.0,0.0,0.0,0.0,40.0,10.0,0.0,0.0,3.0,0.0,36.0,0
13492,135,3,1269.84,38,0.0,0.0,0.0,0.0,0.0,0.0,0.0,0.0,0.0,24.0,30.0,0.0,0.0,0.0,0.0,30.0,0.0,0.0,0.0,0.0,0
13493,274,2,618.63,6,3.0,0.0,0.0,0.0,0.0,0.0,0.0,0.0,0.0,0.0,0.0,0.0,0.0,0.0,0.0,0.0,0.0,0.0,0.0,0.0,0
13501,287,1,1340.32,52,0.0,0.0,0.0,0.0,0.0,0.0,0.0,0.0,0.0,0.0,0.0,0.0,0.0,0.0,0.0,0.0,0.0,24.0,0.0,0.0,0
13505,72,4,4393.63,182,19.0,6.0,14.0,24.0,24.0,0.0,6.0,0.0,12.0,24.0,0.0,0.0,4.0,30.0,0.0,0.0,0.0,0.0,0.0,12.0,2
13520,58,6,3624.35,49,16.0,246.0,0.0,192.0,168.0,48.0,78.0,0.0,144.0,0.0,0.0,0.0,4.0,20.0,0.0,0.0,0.0,0.0,0.0,0.0,1
13809,304,1,155.05,11,0.0,0.0,1.0,0.0,0.0,0.0,0.0,0.0,0.0,0.0,0.0,0.0,0.0,0.0,0.0,0.0,0.0,0.0,0.0,0.0,0
13810,28,3,1499.01,32,4.0,0.0,0.0,12.0,0.0,0.0,0.0,0.0,12.0,0.0,0.0,0.0,0.0,0.0,0.0,0.0,0.0,0.0,0.0,0.0,0
13811,183,3,814.5,7,4.0,0.0,0.0,0.0,0.0,0.0,0.0,0.0,0.0,0.0,0.0,0.0,0.0,0.0,0.0,0.0,0.0,0.0,0.0,0.0,0
13812,41,3,539.0,33,3.0,6.0,0.0,0.0,0.0,0.0,0.0,0.0,0.0,0.0,0.0,0.0,2.0,0.0,0.0,0.0,0.0,0.0,0.0,0.0,0
13813,39,4,1366.8600000000001,54,11.0,0.0,0.0,0.0,0.0,0.0,0.0,0.0,0.0,0.0,0.0,0.0,4.0,0.0,0.0,0.0,0.0,6.0,0.0,0.0,0
13814,91,2,1579.12,37,0.0,6.0,0.0,0.0,0.0,0.0,0.0,36.0,0.0,72.0,0.0,0.0,0.0,0.0,0.0,0.0,0.0,0.0,0.0,0.0,0
13815,21,4,4027.36,132,20.0,18.0,0.0,12.0,0.0,24.0,0.0,0.0,0.0,48.0,0.0,0.0,2.0,70.0,40.0,10.0,36.0,0.0,0.0,0.0,2
13816,23,2,571.6700000000001,25,4.0,24.0,0.0,0.0,0.0,0.0,6.0,12.0,0.0,0.0,0.0,0.0,2.0,0.0,0.0,0.0,0.0,0.0,12.0,0.0,0
13817,28,2,382.98,20,3.0,6.0,0.0,0.0,12.0,0.0,6.0,0.0,12.0,0.0,0.0,0.0,0.0,0.0,0.0,0.0,0.0,0.0,0.0,0.0,0
13919,58,2,384.81,24,2.0,0.0,0.0,0.0,0.0,12.0,0.0,0.0,0.0,0.0,0.0,0.0,0.0,0.0,0.0,0.0,0.0,0.0,0.0,24.0,0
14016,161,4,4341.21,154,0.0,0.0,20.0,0.0,0.0,0.0,0.0,0.0,0.0,0.0,0.0,6.0,0.0,0.0,0.0,0.0,0.0,0.0,0.0,24.0,0
14265,108,2,530.18,31,0.0,0.0,1.0,0.0,0.0,0.0,0.0,0.0,0.0,0.0,0.0,0.0,0.0,0.0,0.0,0.0,0.0,0.0,0.0,0.0,0
14277,14,3,4216.2,195,2.0,0.0,0.0,0.0,0.0,0.0,0.0,0.0,0.0,24.0,10.0,6.0,0.0,0.0,16.0,0.0,12.0,0.0,0.0,0.0,0
14335,15,2,468.26,55,0.0,0.0,0.0,2.0,2.0,0.0,0.0,0.0,0.0,0.0,0.0,0.0,0.0,0.0,0.0,0.0,0.0,0.0,0.0,0.0,0
14439,319,1,2661.24,32,0.0,0.0,16.0,0.0,0.0,0.0,0.0,0.0,0.0,0.0,0.0,0.0,0.0,0.0,0.0,0.0,0.0,0.0,0.0,0.0,0
14442,204,2,1589.82,58,0.0,0.0,0.0,0.0,0.0,0.0,0.0,0.0,0.0,0.0,0.0,0.0,2.0,0.0,0.0,0.0,0.0,0.0,0.0,0.0,0
14566,110,1,1432.0,4,0.0,0.0,0.0,0.0,0.0,0.0,0.0,0.0,0.0,0.0,0.0,0.0,0.0,0.0,200.0,0.0,0.0,0.0,0.0,0.0,0
14912,16,2,867.85,21,0.0,0.0,0.0,0.0,0.0,0.0,0.0,0.0,0.0,0.0,0.0,0.0,0.0,0.0,0.0,0.0,0.0,0.0,0.0,0.0,0
14930,108,3,2372.86,116,0.0,0.0,0.0,0.0,0.0,12.0,0.0,12.0,0.0,0.0,20.0,0.0,0.0,0.0,20.0,0.0,12.0,3.0,12.0,0.0,0
14931,4,5,1257.68,30,0.0,0.0,0.0,0.0,0.0,0.0,0.0,0.0,0.0,0.0,0.0,0.0,0.0,0.0,0.0,0.0,0.0,0.0,0.0,0.0,0
14932,365,1,363.53,17,0.0,0.0,0.0,0.0,0.0,0.0,0.0,0.0,0.0,0.0,0.0,0.0,0.0,0.0,0.0,0.0,0.0,0.0,0.0,0.0,0
14934,81,2,1890.94,68,0.0,6.0,6.0,0.0,0.0,0.0,0.0,0.0,0.0,48.0,20.0,0.0,0.0,0.0,0.0,10.0,0.0,0.0,0.0,0.0,0
14935,296,1,1784.71,10,0.0,0.0,0.0,0.0,0.0,0.0,0.0,0.0,0.0,0.0,0.0,0.0,0.0,0.0,0.0,0.0,0.0,0.0,0.0,0.0,0
14936,33,8,8137.02,210,0.0,0.0,38.0,0.0,0.0,0.0,0.0,0.0,0.0,72.0,30.0,0.0,0.0,0.0,30.0,0.0,72.0,0.0,0.0,36.0,2
14937,56,3,1621.88,33,0.0,0.0,0.0,0.0,0.0,0.0,0.0,0.0,0.0,0.0,0.0,0.0,0.0,0.0,0.0,0.0,0.0,0.0,0.0,0.0,0
15108,141,4,1300.25,50,9.0,0.0,0.0,0.0,0.0,0.0,0.0,0.0,0.0,0.0,0.0,0.0,0.0,0.0,0.0,0.0,0.0,0.0,0.0,12.0,0
15332,365,4,1661.06,29,0.0,0.0,0.0,24.0,0.0,0.0,0.0,0.0,12.0,0.0,0.0,0.0,0.0,0.0,0.0,0.0,0.0,0.0,0.0,0.0,0
15388,269,1,140.54,10,0.0,0.0,0.0,0.0,0.0,0.0,0.0,0.0,0.0,0.0,0.0,0.0,0.0,0.0,0.0,0.0,0.0,0.0,0.0,0.0,0
15480,115,1,905.5,45,0.0,0.0,7.0,0.0,0.0,0.0,0.0,0.0,0.0,0.0,0.0,0.0,0.0,0.0,0.0,0.0,0.0,0.0,0.0,0.0,0
16320,171,2,1038.46,56,0.0,0.0,0.0,0.0,0.0,0.0,0.0,0.0,0.0,0.0,0.0,0.0,0.0,0.0,0.0,0.0,0.0,0.0,0.0,0.0,0
16321,71,5,373.65000000000003,7,0.0,0.0,0.0,0.0,0.0,0.0,0.0,0.0,0.0,0.0,0.0,0.0,0.0,0.0,0.0,0.0,0.0,0.0,0.0,0.0,0
17097,1,8,954.42,153,0.0,8.0,0.0,0.0,0.0,0.0,0.0,2.0,0.0,0.0,0.0,0.0,0.0,0.0,1.0,2.0,0.0,0.0,4.0,0.0,0
17404,3,15,31906.82,111,3.0,6.0,0.0,192.0,0.0,0.0,6.0,0.0,192.0,960.0,0.0,0.0,0.0,0.0,0.0,0.0,0.0,120.0,0.0,480.0,3
17443,219,1,534.24,1,0.0,0.0,0.0,0.0,0.0,0.0,0.0,0.0,0.0,0.0,0.0,0.0,0.0,0.0,0.0,0.0,0.0,0.0,0.0,0.0,0
17444,147,3,2940.04,132,1.0,0.0,1.0,12.0,12.0,0.0,0.0,0.0,12.0,0.0,0.0,0.0,0.0,0.0,0.0,10.0,0.0,0.0,12.0,0.0,0
17508,280,1,387.31,22,0.0,0.0,0.0,0.0,0.0,0.0,0.0,0.0,0.0,0.0,0.0,0.0,0.0,0.0,0.0,0.0,0.0,0.0,0.0,0.0,0
17828,22,4,1820.09,54,12.0,0.0,0.0,0.0,0.0,0.0,0.0,0.0,0.0,0.0,0.0,0.0,0.0,0.0,0.0,0.0,0.0,0.0,0.0,0.0,0
17829,298,1,889.24,30,0.0,0.0,0.0,0.0,0.0,0.0,0.0,0.0,0.0,0.0,0.0,0.0,0.0,0.0,0.0,0.0,0.0,0.0,0.0,0.0,0
17844,106,1,51.559999999999995,5,0.0,0.0,0.0,0.0,0.0,0.0,0.0,0.0,0.0,0.0,0.0,0.0,0.0,0.0,0.0,0.0,0.0,0.0,0.0,0.0,0
